Well,LAT,LON,Basin,Average,Min,Max,Mode,Slope,Intercept,Standard Deviation,Degrees of Freedom,Rcrit,Rcalc Mo,Rcalc New,EA,EA X2,base year,end year,top 1,top 2,bottom 1,bottom 2,1/1/2029,1/2/2039,Increase in 10 years,Increase in 20 years,1ppm in x years,Significance,MoP,Annual Frequency
A-1,13.45409,144.7594,Hagatna,1.47490566,0.65,3.1,1.3,2.10396E-05,0.717126208,0.421816687,51,0.2706,0.413461739,0.181079821,0.414843384,0.829686767,1/1/1986,1/1/2020,0.829686767,0.829686767,0.963200948,1.224471162,1.708492873,1.79,0.076794676,0.153589352,130.2173607,0,0,1.261904762
A-2,13.44534,144.77608,Hagatna,2.88,0.72,3.96,2.7,0.000138721,-1.97449894,0.614201496,45,0.2876,0.27805893,0.600707786,0.491034854,0.982069708,1/1/1986,1/1/2020,0.982069708,0.982069708,1.892105312,3.61474124,4.561890358,5.07,0.506331224,1.012662448,19.7499177,1,1,1.119047619
A-3,13.4507,144.75861,Hagatna,0.93954902,0.51,1.81,0.81,-4.19169E-05,2.456228509,0.270370362,49,0.2759,0.126541029,-0.575107021,0.221184094,0.442368189,1/1/1986,1/1/2020,0.442368189,0.442368189,0.918307864,0.397783415,0.481144641,0.33,-0.152996798,-0.305993596,-65.36084505,-1,0,1.214285714
A-4,13.44447,144.77908,Hagatna,2.802173077,1.19,4,3.5,0.000170411,-3.359065728,0.751969746,50,0.2732,0.670847103,0.841508755,0.40624675,0.812493501,1/1/1986,1/1/2020,0.812493501,0.812493501,1.587810769,3.703975557,4.670533938,5.29,0.622000441,1.244000882,16.07715902,1,0,1.238095238
A-5,13.45749463,144.7607723,Hagatna,1.891636364,0.95,2.78,1.4,-5.05548E-05,3.717042027,0.362255095,53,0.2656,-0.436218851,-0.511433247,0.311294139,0.622588277,1/1/1986,1/1/2020,0.622588277,0.622588277,1.817668704,1.189878702,1.334948527,1.15,-0.184525166,-0.369050331,-54.19315015,-1,0,1.30952381
A-6,13.45673,144.76311,Hagatna,2.145735294,0.93,3.03,2.3,1.41607E-05,1.623336115,0.318491389,66,0.2387,-0.450021693,0.163130896,0.314225017,0.628450033,1/1/1986,1/1/2020,0.628450033,0.628450033,1.753940389,1.929787654,2.290572971,2.34,0.051686465,0.103372929,193.4742505,0,0,1.619047619
A-7,13.44345,144.76891,Hagatna,2.508333333,0.96,3.34,2.57,3.56687E-05,1.301077954,0.425350276,34,0.3291,0.073741164,0.121894225,0.42217848,0.84435696,1/1/1986,1/1/2020,0.84435696,0.84435696,1.999360969,2.442295131,2.981752361,3.11,0.130190827,0.260381654,76.81032695,0,1,0.857142857
A-8,13.44507,144.76584,Hagatna,1.962142857,0.44,3.8,1.91,3.86614E-05,0.563750606,0.419613304,54,0.2632,-0.167211477,0.339046666,0.394759422,0.789518843,1/1/1986,1/1/2020,0.789518843,0.789518843,1.383462723,1.863560375,2.385438583,2.53,0.141114224,0.282228448,70.86457851,1,0,1.333333333
A-9,13.44965,144.78896,Hagatna,1.558235294,0.5,2.6,1.7,8.37035E-05,-1.464515603,0.451392095,49,0.2759,-0.222111868,0.69290114,0.325468416,0.650936832,1/1/1986,1/1/2020,0.650936832,0.650936832,0.839394781,1.878825143,2.479510746,2.79,0.305517863,0.611035725,32.73131041,1,0,1.214285714
A-10,13.45212,144.79152,Hagatna,1.987843137,0.11,3.23,2.3,0.000119479,-2.367532092,0.645322598,49,0.2759,0.234324346,0.717496651,0.449507169,0.899014338,1/1/1986,1/1/2020,0.899014338,0.899014338,0.936150713,2.419839411,3.262193129,3.70,0.436097902,0.872195804,22.93063082,1,1,1.214285714
A-11,13.445603,144.756292,Hagatna,1.154482759,0.46,1.77,1.01,-1.19572E-05,1.552762166,0.265580042,27,0.3673,-0.044490957,-0.044490957,0.265317061,0.530634122,1/1/1986,1/1/2020,0.530634122,0.530634122,0.911832491,0.763347551,0.989349224,0.95,-0.043643907,-0.087287813,-229.1270594,0,N/A,0.69047619
A-12,13.44723,144.75934,Hagatna,1.24625,0.08,3.3,1.4,2.84429E-05,0.236108092,0.454423296,46,0.2845,0.060230244,0.216394191,0.443656225,0.88731245,1/1/1986,1/1/2020,0.88731245,0.88731245,0.685929749,1.039134102,1.576310693,1.68,0.103816709,0.207633417,96.32360849,0,1,1.142857143
A-13,13.44687,144.78444,Hagatna,2.287843137,0.68,3.62,2.6,9.18383E-05,-1.027975594,0.552747008,49,0.2759,0.113046173,0.623266984,0.432253203,0.864506405,1/1/1986,1/1/2020,0.864506405,0.864506405,1.424686599,1/2/1900,3.299351581,3.63,0.335209665,0.670419329,29.83207543,1,0,1.214285714
A-14,13.44943,144.80379,Hagatna,2.171296296,0.85,2.87,2.2,1.85187E-05,1.501933519,0.360408816,52,0.2681,0.141922443,0.189862731,0.353853212,0.707706424,1/1/1986,1/1/2020,0.707706424,0.707706424,1.72980815,1.959773335,2.374516024,2.44,0.067593246,0.135186491,147.943776,0,1,1.285714286
A-15,13.46586,144.8008,Hagatna,3.488490566,1.4,4.91,3.6,-3.76842E-05,4.849462385,0.696014468,51,0.2706,-0.012553572,-0.201556307,0.696018855,1.39203771,1/1/1986,1/1/2020,1.39203771,1.39203771,2.96966867,2.501705845,3.073818937,2.94,-0.137547456,-0.275094912,-72.70218066,0,1,1.261904762
A-17,13.43883,144.79608,Hagatna,2.691303571,0.993,3.83,2.8,-3.06141E-06,2.802167713,0.455922917,54,0.2632,-0.007599328,-0.024521447,0.455785823,0.911571646,1/1/1986,1/1/2020,0.911571646,0.911571646,2.250213922,2.212197374,2.657917292,2.65,-0.011174134,-0.022348269,-894.9239076,0,1,1.333333333
A-18,13.45024,144.79987,Hagatna,2.042307692,0.84,3.1,2.1,6.82292E-05,-0.424451452,0.429439285,50,0.2732,-0.007084237,0.595016414,0.345146171,0.690292343,1/1/1986,1/1/2020,0.690292343,0.690292343,1.373685659,2.220955636,2.790439357,3.04,0.249036513,0.498073026,40.15475435,1,0,1.238095238
A-19,13.43253,144.78104,Hagatna,3.1392,0.94,4.12,3.4,5.62143E-05,1.108219867,0.642450157,48,0.2787,-0.168275187,0.327876643,0.606935862,1.213871724,1/1/1986,1/1/2020,1.213871724,1.213871724,2.267143982,2.965213227,3.756981726,3.96,0.205182215,0.41036443,48.73716762,1,0,1.19047619
A-21,13.44631567,144.8015993,Hagatna,1.596612903,0.46,2.35,1.9,8.87506E-05,-1.694716152,0.408603955,60,0.25,0.296380547,0.812894764,0.237975273,0.475950546,1/1/1986,1/1/2020,0.475950546,0.475950546,0.855230105,1.957334634,2.487121768,2.81,0.323939566,0.647879132,30.86995554,1,1,1.476190476
A-23,13.46611028,144.7544428,Hagatna,3.14,1.05,4.69,2,-8.84566E-05,6.285344081,0.767992034,50,0.2732,-0.480068364,-0.364597522,0.715127463,1.430254927,1/1/1986,1/1/2020,1.430254927,1.430254927,2.791530153,1.693076375,2.117358612,1.79,-0.322866507,-0.645733015,-30.97255296,-1,0,1.238095238
A-25,13.46702935,144.7542106,Hagatna,3.489189189,1.21,5.27,3.2,-0.000101589,7.241719913,0.635585711,72,0.2287,-0.513136125,-0.550329688,0.531878926,1.063757852,1/1/1986,1/1/2020,1.063757852,1.063757852,3.518631101,2.257101022,2.454955878,2.08,-0.370799226,-0.741598452,-26.96877259,-1,0,1.761904762
A-26,13.46862926,144.7818989,Hagatna,3.961521739,1.32,4.9,4.3,7.57264E-05,1.305797376,0.77252247,44,0.2907,0.064437843,0.263614289,0.745196936,1.490393873,1/1/1986,1/1/2020,1.490393873,1.490393873,2.939394883,3.87976573,4.873951178,5.15,0.276401481,0.552802962,36.17925624,0,1,1.095238095
A-28,13.45682352,144.8001666,Hagatna,1.967179487,0.71,3.5,1.84,0.000170534,-3.873030783,0.482591408,37,0.316,0.358230955,0.699020621,0.345101845,0.69020369,1/1/1986,1/1/2020,0.69020369,0.69020369,1.138858066,3.256551711,4.162369992,4.79,0.622449815,1.24489963,16.06555221,1,0,0.928571429
A-29,13.46241178,144.7603909,Hagatna,2.226956522,1.07,2.69,2,-1.91158E-05,2.889506438,0.335714093,21,0.4132,-0.26938434,-0.069756872,0.334896301,0.669792603,1/1/1986,1/1/2020,0.669792603,0.669792603,1.954125109,1.716744945,1.988788454,1.92,-0.069772717,-0.139545433,-143.3224972,0,0,0.547619048
A-30,13.46265147,144.7600672,Hagatna,2.348186047,0.46,4.6,2.1,-6.4751E-05,4.752269365,0.599310368,41,0.3008,-0.149258494,-0.376250413,0.555271851,1.110543701,1/1/1986,1/1/2020,1.110543701,1.110543701,2.162975066,1.35889743,1.701268068,1.46,-0.236341067,-0.472682134,-42.31173247,-1,1,1.023809524
A-31,13.47084756,144.748921,Hagatna,2.55826087,1.32,3.1,2.4,-3.10771E-05,3.703202883,0.304180534,44,0.2907,-0.410389603,-0.361399461,0.283621301,0.567242602,1/1/1986,1/1/2020,0.567242602,0.567242602,2.443356494,2.057441008,2.23888079,2.13,-0.113431432,-0.226862864,-88.15898583,-1,0,1.095238095
A-32,13.47127444,144.7404873,Hagatna,2.732564103,1.27,4.2,2.1,-1.10923E-05,3.145312264,0.496252896,37,0.316,-0.075960012,-0.080254098,0.494652201,0.989304402,1/1/1986,1/1/2020,0.989304402,0.989304402,2.3022191,2.164475494,2.622656365,2.58,-0.040486726,-0.080973452,-246.9945349,0,1,0.928571429
AG-1,13.58747133,144.8760973,Machanao,1.062790698,0.19,2,0.88,6.10203E-05,-1.136055506,0.336800956,41,0.3008,-0.350493603,0.716072164,0.235095911,0.470191821,1/1/1986,1/1/2020,0.470191821,0.470191821,0.545680121,1.303430544,1.73916129,1.96,0.222724194,0.445448388,44.89857976,1,0,0.928571429
AG-2,13.58439232,144.8735595,Machanao,1.53,0.74,2.7,1.41,9.37015E-05,-1.802002174,0.462473838,38,0.312,-0.044758977,0.783137689,0.28758859,0.575177179,1/1/1986,1/1/2020,0.575177179,0.575177179,0.853854685,2.017440003,2.613119148,2.96,0.342010502,0.684021003,29.23886826,1,0,0.857142857
AG-2A,13.58441886,144.8736362,Machanao,2.1,1.5,2.5,2.4,0.000238789,-7.471743938,0.4163332,5,0.7545,#DIV/0!,0.936983945,0.145455337,0.290910673,1/1/1986,1/1/2020,0.290910673,0.290910673,-0.116128873,2.849149587,3.779742271,4.65,0.871578868,1.743157735,11.473431,1,N/A,0.166666667
D-1,13.51995488,144.8491985,Yigo-Tumon,1.9286,0.77,2.87,2.3,6.32808E-05,-0.337325929,0.402542988,48,0.2787,-0.162635384,0.555186774,0.33480535,0.6696107,1/1/1986,1/1/2020,0.6696107,0.6696107,1.315709557,2.101530952,2.644403684,2.88,0.230975044,0.461950087,43.29472067,1,0,1.095238095
D-2,13.5204365,144.8490571,Yigo-Tumon,1.954255319,0.82,3,2.5,0.000105718,-1.83077744,0.473455129,45,0.2876,0.040323475,0.78108966,0.295634323,0.591268647,1/1/1986,1/1/2020,0.591268647,0.591268647,1.194515628,2.507324859,3.150560789,3.54,0.385871613,0.771743226,25.91535542,1,0,1.023809524
D-3,13.52491377,144.848678,Yigo-Tumon,1.74,0.6,2.68,1.8,0.000111833,-2.020292405,0.399173388,32,0.3388,0.303227042,0.366393425,0.371414881,0.742829762,1/1/1986,1/1/2020,0.742829762,0.742829762,1.121299556,2.51004049,3.249161941,3.66,0.40819008,0.816380159,24.49839057,1,1,0.714285714
D-4,13.52221643,144.8492248,Yigo-Tumon,2.221363636,0.55,3.1,2.8,0.000134336,-2.760044423,0.608399885,64,0.2423,0.019548724,0.792702828,0.370885593,0.741771186,1/1/1986,1/1/2020,0.741771186,0.741771186,1.088955712,2.757135796,3.569717001,4.06,0.490325117,0.980650234,20.39463134,1,0,1.476190476
D-5,13.51810708,144.8492875,Yigo-Tumon,1.734893617,0.74,3.6,1.24,0.000163544,-4.019409717,0.639656403,45,0.2876,-0.212230332,0.713265074,0.448331579,0.896663158,1/1/1986,1/1/2020,0.896663158,0.896663158,0.669651499,2.70053501,3.686597704,4.28,0.596933871,1.193867743,16.75227438,1,0,1.023809524
D-6,13.52703703,144.8493664,Yigo-Tumon,1.992040816,0.76,3.9,3.4,0.000242099,-6.692233462,0.903504703,47,0.2816,0.593535113,0.960232931,0.252258638,0.504517276,1/1/1986,1/1/2020,0.504517276,0.504517276,0.66055543,3.666937509,4.715216784,5.60,0.883660379,1.767320758,11.31656487,1,0,1.071428571
D-7,13.5329522,144.8508027,Yigo-Tumon,1.984571429,0.47,3.4,2.6,R1A,-3.424879554,0.632078893,68,0.2352,0.427730967,0.821444261,0.36046752,0.720935039,1/1/1986,1/1/2020,0.720935039,0.720935039,#VALUE!,#VALUE!,#VALUE!,#VALUE!,#VALUE!,#VALUE!,#VALUE!,1,0,1.571428571
D-8,13.53534028,144.8519765,Yigo-Tumon,1.2516,0.14,2.5,1.01,0.000127708,-3.320960652,0.568978175,48,0.2787,-0.030755332,0.791727939,0.347573893,0.695147785,1/1/1986,1/1/2020,0.695147785,0.695147785,0.343157959,1.929036338,2.69651425,3.16,0.466134328,0.932268656,21.45304347,1,0,1.095238095
D-9,13.53001476,144.8496732,Yigo-Tumon,2.015106383,0.78,3,1.76,0.000116499,-2.163270502,0.500216789,45,0.2876,0.150674584,0.833411936,0.27644595,0.5528919,1/1/1986,1/1/2020,0.5528919,0.5528919,1.21987224,2.666559038,3.326054287,3.75,0.425222001,0.850444003,23.51712745,1,0,1.023809524
D-10,13.53070924,144.8524742,Yigo-Tumon,1.838636364,0.76,2.9,2.7,0.000134525,-2.931700109,0.569702456,42,0.2973,0.310171926,0.754574049,0.373847244,0.747694489,1/1/1986,1/1/2020,0.747694489,0.747694489,0.920278772,2.590807179,3.406971817,3.90,0.491015355,0.982030711,20.36596186,1,0,0.952380952
D-11,13.52758589,144.848493,Yigo-Tumon,2.113695652,0.4,3.7,1.62,0.0002054,-5.21584783,0.84657049,44,0.2907,0.203813164,0.881781214,0.399292302,0.798584605,1/1/1986,1/1/2020,0.798584605,0.798584605,0.83708681,3.387742722,4.462389884,5.21,0.749709621,1.499419243,13.33849762,1,0,1
D-12,13.53840579,144.8525283,Yigo-Tumon,1.19564,0.29,2.7,0.97,0.000106215,-2.60776635,0.476867618,48,0.2787,-0.011949225,0.786952362,0.294233882,0.588467763,1/1/1986,1/1/2020,0.588467763,0.588467763,0.434529831,1.753507016,2.396975637,2.78,0.387684549,0.775369097,25.79416702,1,0,1.095238095
D-13,13.54123619,144.8506564,Yigo-Tumon,1.348,0.74,2.1,1.3,9.42894E-05,-1.898296968,0.303308255,38,0.312,0.167493125,0.676169246,0.223461243,0.446922486,1/1/1986,1/1/2020,0.446922486,0.446922486,0.840154842,2.011040664,2.544525467,2.89,0.344156325,0.68831265,29.05656316,1,0,0.857142857
D-14,13.51449943,144.8406908,Yigo-Tumon,2.659259259,0.2,4.94,2.6,-4.71628E-05,4.349277223,0.678393919,52,0.2681,-0.206744183,-0.238003448,0.658899801,1.317799602,1/1/1986,1/1/2020,1.317799602,1.317799602,2.208853009,1.623185605,2.127014184,1.95,-0.172144148,-0.344288295,-58.09085083,0,0,1.19047619
D-15,13.52316232,144.8395629,Yigo-Tumon,2.438867925,1.17,3.6,2.4,3.75259E-05,1.09485702,0.397611428,51,0.2706,-0.076095089,0.325587348,0.375946363,0.751892726,1/1/1986,1/1/2020,0.751892726,0.751892726,1.897711363,2.363707835,2.863039317,3.00,0.13696949,0.273938979,73.00896007,1,0,1.166666667
D-16,13.52326017,144.8355479,Yigo-Tumon,3.100144928,0.74,4.39,3.4,2.23102E-05,2.275051872,0.545223896,67,0.2369,-0.238060532,0.143311579,0.539595887,1.079191775,1/1/1986,1/1/2020,1.079191775,1.079191775,2.436286384,2.713334482,3.326286316,3.41,0.08143224,0.16286448,122.8014849,0,0,1.547619048
D-17,13.52192368,144.8316222,Yigo-Tumon,2.231794872,1.17,4.6,2.8,0.000282465,-7.404884034,0.677832737,37,0.316,0.778948164,0.86986523,0.334367738,0.668735476,1/1/1986,1/1/2020,0.668735476,0.668735476,1.133816048,4.641464353,5.904576464,6.94,1.030996643,2.061993286,9.69935263,1,0,0.833333333
D-18,13.52301819,144.8340764,Yigo-Tumon,3.033243243,0.76,4.8,3.4,-2.09511E-05,3.744670542,0.547002204,35,0.3246,-0.03392076,-0.077429042,0.54536003,1.09072006,1/1/1986,1/1/2020,1.09072006,1.09072006,2.541173741,2.281003034,2.757475861,2.68,-0.076471499,-0.152942999,-130.7676725,0,1,0.785714286
D-19,13.54194544,144.84899,Yigo-Tumon,1.940149254,0.43,3.1,2.7,0.000152827,-3.706082543,0.688609694,65,0.2404,0.5113107,0.791004559,0.421298472,0.842596944,1/1/1986,1/1/2020,0.842596944,0.842596944,0.673388631,2.571200284,3.494995511,4.05,0.557820304,1.115640608,17.92692007,1,1,1.5
D-20,13.54195949,144.8462156,Yigo-Tumon,1.836078431,0.79,2.96,2.4,0.000118866,-2.41901712,0.552094479,49,0.2759,0.479125927,0.752322598,0.363717022,0.727434044,1/1/1986,1/1/2020,0.727434044,0.727434044,0.951197735,2.427273438,3.181821263,3.62,0.433860228,0.867720457,23.04889766,1,0,1.119047619
D-21,13.54193941,144.8439739,Yigo-Tumon,2.564901961,0.74,4,2.6,6.33737E-05,0.296138619,0.738355937,49,0.2759,0.580269319,0.300316159,0.704273218,1.408546436,1/1/1986,1/1/2020,1.408546436,1.408546436,1.582622168,2.369596271,3.282242082,3.51,0.231313857,0.462627714,43.23130538,1,0,1.119047619
D-22,13.55248088,144.8567013,Finegayan,3.272,2.2,4.56,2.2,0.000240681,-5.903367447,1.006001988,8,0.6319,#DIV/0!,0.562834353,0.831530775,1.66306155,1/1/1986,1/1/2020,1.66306155,1.66306155,0.825599163,3.814369944,5.43725829,6.32,0.878483922,1.756967845,11.3832476,0,0,0.238095238
D-22A,13.55257642,144.8566897,Finegayan,2.298333333,2,3,2,0.000290957,-8.067945097,0.408040031,4,0.8114,0.405256898,0.405256898,0.373031358,0.746062716,1/1/1986,1/1/2020,0.746062716,0.746062716,0.698868078,4.311976963,5.641676224,6.70,1.061994478,2.123988957,9.416244815,0,0,0.166666667
D-24,13.55659536,144.8547951,Finegayan,3.472727273,2.5,3.9,3.7,0.000105382,-0.866712944,0.390104881,9,0.6021,#DIV/0!,0.453699516,0.347643809,0.695287618,1/1/1986,1/1/2020,0.695287618,0.695287618,2.096001514,3.40463262,4.098771765,4.48,0.384643545,0.76928709,25.99809651,0,N/A,0.261904762
D-25,13.54524157,144.8520431,Yigo-Tumon,1.95,1.1,2.7,2,9.96505E-05,-2.074411563,0.372379735,14,0.4973,1,0.550158261,0.310959574,0.621919147,1/1/1986,1/1/2020,0.621919147,0.621919147,0.744950959,1.98241124,2.621021756,2.99,0.363724434,0.727448868,27.49334128,1,0,0.380952381
D-26,13.54575518,144.8486051,Yigo-Tumon,2.388,1.5,2.8,2.6,0.000112294,-2.147465667,0.392632143,13,0.514,-1,0.609766367,0.31119286,0.62238572,1/1/1986,1/1/2020,0.62238572,0.62238572,1.068845195,2.463316949,3.143733769,3.55,0.409874529,0.819749058,24.39771025,1,0,0.357142857
D-27,13.54085078,144.8558083,Yigo-Tumon,2.792666667,1.6,3.7,2.7,0.000262241,-7.810439546,0.572356865,13,0.514,1,0.936988116,0.199959299,0.399918598,1/1/1986,1/1/2020,0.399918598,0.399918598,0.227380231,3.483889975,4.546097948,5.50,0.957179946,1.914359891,10.44735637,1,0,0.357142857
D-28,13.53864267,144.8478905,Yigo-Tumon,2.297857143,1.71,2.9,2.3,9.81773E-05,-1.6523989,0.266145668,12,0.5324,-1,0.725725189,0.183104148,0.366208296,1/1/1986,1/1/2020,0.366208296,0.366208296,1.248541424,2.467707509,2.973618719,3.33,0.358347255,0.71669451,27.90589257,1,0,0.333333333
EX-5,13.524486,144.848794,Yigo-Tumon,2.91625,2.02,3.6,#N/A,0.000186457,-4.650399835,0.508272635,6,0.7067,#DIV/0!,0.917661655,0.201968568,0.403937136,1/1/1986,1/1/2020,0.403937136,0.403937136,1.004816958,3.320244577,4.135284977,4.82,0.6805694,1.3611388,14.69357864,1,N/A,0.19047619
EX-5A,13.5237296,144.8488791,Yigo-Tumon,1.91474359,0.005,3.2,2.8,0.000184066,-4.538184491,0.692695867,37,0.316,0.313994126,0.787820589,0.426634708,0.853269415,1/1/1986,1/1/2020,0.853269415,0.853269415,0.817245063,3.102976258,4.134819869,4.81,0.671840784,1.343681569,14.88447893,1,0,0.857142857
EX-11,13.48551405,144.8412991,Mangilao,3.184782609,0.8,4.9,3.9,0.000295684,-7.410978577,1.16898577,44,0.2907,0.866969587,0.880584725,0.553969198,1.107938396,1/1/1986,1/1/2020,1.107938396,1.107938396,1.323358724,4.995156709,6.52133333,7.60,1.079244858,2.158489716,9.265737915,1,0,1.023809524
F-1,13.56743962,144.8465404,Finegayan,1.440851064,0.62,2.5,1.17,0.000138,-3.479488526,0.516319878,45,0.2876,0.657714888,0.921868129,0.200075887,0.400151773,1/1/1986,1/1/2020,0.400151773,0.400151773,0.655434325,2.369120198,3.02294058,3.53,0.50370055,1.007401101,19.85306546,1,1,1.023809524
F-2,13.57566236,144.8511118,Finegayan,1.567142857,0.75,2.5,2.1,0.000129377,-3.196472185,0.500762092,61,0.248,0.41553898,0.951140936,0.15461383,0.30922766,1/1/1986,1/1/2020,0.30922766,0.30922766,0.713045167,2.319653291,2.899659899,3.37,0.472227384,0.944454768,21.17623912,1,0,1.404761905
F-3,13.57819957,144.8532319,Finegayan,1.435531915,0.56,2.8,1.28,0.000114221,-2.629329047,0.435454827,45,0.2876,0.6500249,0.911945126,0.17867242,0.357344841,1/1/1986,1/1/2020,0.357344841,0.357344841,0.780025363,2.198422753,2.752654089,3.17,0.416906947,0.833813894,23.98616782,1,1,1.023809524
F-4,13.58075978,144.8552669,Finegayan,0.915361702,0.17,3.9,0.77,3.89643E-05,-0.486511864,0.536444633,45,0.2876,-0.366443577,0.26779672,0.516851227,1.033702454,1/1/1986,1/1/2020,1.033702454,1.033702454,0.220621941,0.704480411,1.349446202,1.49,0.142219634,0.284439268,70.31377954,0,0,1.047619048
F-5,13.55764888,144.8454028,Yigo-Tumon,2.782222222,1.18,4.4,3.5,0.000158241,-2.904205519,0.727662753,52,0.2681,0.788738763,0.770860849,0.463523773,0.927047545,1/1/1986,1/1/2020,0.927047545,0.927047545,1.603107447,3.568149011,4.551970469,5.13,0.577581068,1.155162137,17.31358687,1,0,1.19047619
F-6,13.55772187,144.8413188,Yigo-Tumon,2.25972549,0.52,3.8,3,0.00014664,-3.025486378,0.679887258,49,0.2759,0.601721722,0.773082598,0.431256135,0.862512271,1/1/1986,1/1/2020,0.862512271,0.862512271,1.149661103,2.970637135,3.884045726,4.42,0.535236151,1.070472301,18.6833419,1,0,1.119047619
F-7,13.56152089,144.8433194,Yigo-Tumon,3.040078431,2,4,3.1,6.64655E-05,0.646017777,0.395567837,49,0.2759,0.63744663,0.610158289,0.313400302,0.626800604,1/1/1986,1/1/2020,0.626800604,0.626800604,2.420497711,3.245866087,3.777804899,4.02,0.242599015,0.48519803,41.22028275,1,0,1.119047619
F-8,13.5576357,144.854844,Finegayan,2.859734694,1.3,4.3,3.8,0.000195128,-4.139886575,0.838913304,47,0.2876,0.779497542,0.841805833,0.452829005,0.905658011,1/1/1986,1/1/2020,0.905658011,0.905658011,1.536841684,3.959941742,5.054351758,5.77,0.712217363,1.424434725,14.04065742,1,0,1.071428571
F-9,13.55777594,144.8485912,Yigo-Tumon,2.4678,1.26,3.7,3.2,0.000168669,-3.625364543,0.706616803,48,0.2787,0.805293715,0.86161878,0.358647587,0.717295174,1/1/1986,1/1/2020,0.717295174,0.717295174,1.314402087,3.408939628,4.322172448,4.94,0.615643584,1.231287167,16.2431645,1,0,1.095238095
F-10,13.56964893,144.8476648,Finegayan,1.739021739,0.8,2.6,2.2,0.000111879,-2.265528031,0.456649172,44,0.2907,0.672632627,0.871568613,0.22388301,0.447766019,1/1/1986,1/1/2020,0.447766019,0.447766019,1.025053829,2.414371143,3.006113335,3.41,0.408359494,0.816718987,24.48822705,1,0,#N/A
F-11,13.57315835,144.849497,Finegayan,1.42654,0.6,2.8,2.3,0.000150352,-3.97980742,0.577876309,48,0.2787,0.527495431,0.957477716,0.166721494,0.333442988,1/1/1986,1/1/2020,0.333442988,0.333442988,0.57646465,2.443530326,3.104607751,3.65,0.548783195,1.09756639,18.22213233,1,0,1.095238095
F-12,13.55741836,144.8561747,Finegayan,3.115,0.3,4.7,3.2,0.00016519,-3.01843752,0.824749038,40,0.3044,0.55562868,0.670572114,0.611835414,1.223670828,1/1/1986,1/1/2020,1.223670828,1.223670828,1.558843595,3.610174224,4.765154678,5.37,0.602943855,1.205887711,16.58529216,1,0,#N/A
F-13,13.56408344,144.8524329,Finegayan,3.6616,0.93,4.4,3.9,0.000114379,-0.829784292,0.633388555,48,0.2787,0.735808549,0.413571737,0.57668225,1.153364501,1/1/1986,1/1/2020,1.153364501,1.153364501,2.186524682,3.606884566,4.559645355,4.98,0.41748378,0.834967559,23.95302641,1,0,1.214285714
F-15,13.56921798,144.861158,Finegayan,1.906363636,0.54,3,2.4,0.000218592,-6.650111561,0.685603977,20,0.4227,0.737968925,0.948761838,0.216645405,0.433290809,1/1/1986,1/1/2020,0.433290809,0.433290809,-0.000118999,2.714359411,3.649736093,4.45,0.797861668,1.595723336,12.53350098,1,0,#N/A
F-16,13.56869149,144.8624555,Finegayan,2.367925926,0.78,4.4,4.4,0.000121941,-2.368077791,1.030939449,25,0.3809,0.405853105,0.333520417,0.971910822,1.943821644,1/1/1986,1/1/2020,1.943821644,1.943821644,0.490533423,2.004792571,3.377644292,3.82,0.445083419,0.890166837,22.46769837,0,0,0.642857143
F-17,13.56811836,144.8635854,Finegayan,2.529521739,0.769,3.9,0.9,0.000383487,-12.50714154,1.109799649,21,0.4132,0.266323694,0.90533702,0.471325105,0.94265021,1/1/1986,1/1/2020,0.94265021,0.94265021,-0.931985811,3.83015722,5.562387968,6.96,1.399727981,2.799455961,7.144245267,1,0,#N/A
F-18,13.56678543,144.863948,Finegayan,3.178375,0.921,4.7,4.1,0.000412843,-13.16810181,1.197817175,22,0.4044,0.44357103,0.88435557,0.559157718,1.118315436,1/1/1986,1/1/2020,1.118315436,1.118315436,-0.758628217,4.368053845,6.284638735,7.79,1.50687627,3.013752541,6.636244923,1,0,0.571428571
F-19,13.55581583,144.8401494,Yigo-Tumon,2.62,0.2,3.2,2.9,0.000150565,-3.541131773,0.710868014,14,0.4973,#DIV/0!,0.389775892,0.65464528,1.30929056,1/1/1986,1/1/2020,1.30929056,1.30929056,0.533908812,2.403620048,3.553321741,4.10,0.5495608,1.0991216,18.1963488,0,N/A,#N/A
F-20,13.55066436,144.8371462,Yigo-Tumon,2.640666667,0.97,3.4,3,0.00013119,-2.676226761,0.644852881,13,0.514,1,0.453467066,0.574739983,1.149479967,1/1/1986,1/1/2020,1.149479967,1.149479967,0.870110629,2.499230382,3.505323703,3.98,0.478844186,0.957688372,20.88361996,0,0,0.357142857
FM-1,13.502361,144.801792,Yigo-Tumon,2.71875,1.9,3.15,2.9,0.00021271,-4.539663961,0.401726186,6,0.7067,0.703055992,0.703055992,0.285681349,0.571362698,1/1/1986,1/1/2020,0.571362698,0.571362698,1.856517856,4.497952192,5.483024434,6.26,0.776391957,1.552783915,12.88009221,0,N/A,#N/A
GH-501,13.52380001,144.8541723,Yigo-Tumon,2.24673913,0.4,3.4,2.4,0.000144049,-2.907043235,0.61195517,44,0.2907,0.518347761,0.83043774,0.340927228,0.681854456,1/1/1986,1/1/2020,0.681854456,0.681854456,1.277052101,3.065857061,3.880418586,4.41,0.525780166,1.051560332,19.0193557,1,0,1.023809524
GIAA-1,13.47819528,144.7998789,Yigo-Tumon,1.554285714,0.88,1.9,1.6,1.39638E-05,0.967315197,0.317220068,5,0.7545,#DIV/0!,0.077351477,0.31626964,0.632539281,1/1/1986,1/1/2020,0.632539281,0.632539281,1.089690548,1.263093072,1.625275702,1.68,0.050967886,0.101935773,196.2019755,0,0,0.166666667
GIAA-2,13.48954556,144.7979344,Yigo-Tumon,1.622,0.71,1.9,1.9,0.000937029,-38.51824749,0.51226946,3,0.8783,#DIV/0!,0.700989728,0.365335912,0.730671824,1/1/1986,1/1/2020,0.730671824,0.730671824,-9.448701257,2.18732098,5.633607215,9.06,3.420154708,6.840309416,2.923844344,0,N/A,0.119047619
GICC MG-1,,,,1.2021,0.2,2.46,0.95,0.000159159,-4.399044714,0.460519929,38,0.312,0.310622323,0.310622323,0.437739581,0.875479162,1/1/1986,1/1/2020,0.875479162,0.875479162,0.162874973,2.139310486,3.100364608,3.68,0.580930071,1.161860142,17.2137758,0,N/A,#N/A
GICC MG-2,,,,1.47095,0.45,3.4,1.5,9.48459E-05,-1.86688027,0.520002364,38,0.312,0.163931808,0.163931808,0.512967603,1.025935205,1/1/1986,1/1/2020,1.025935205,1.025935205,0.599545608,1.777341687,2.602162528,2.95,0.346187445,0.69237489,28.88608512,0,N/A,#N/A
GICC MG-3,,,,1.585075,0.4,4.9,1.2,0.000108474,-2.23237581,0.711248789,38,0.312,0.137074354,0.137074354,0.704535142,1.409070284,1/1/1986,1/1/2020,1.409070284,1.409070284,0.470598458,1.817634776,2.878834068,3.28,0.395931918,0.791863837,25.2568675,0,N/A,#N/A
GICC M-GD,,,,1.624761905,0.53,2.3,2.1,-0.000582355,21.83718017,0.562597716,19,0.4329,-0.546808338,-0.546808338,0.471039332,0.942078665,1/1/1986,1/1/2020,0.942078665,0.942078665,3.072636379,-4.159042808,-5.602785338,-7.73,-2.125594221,-4.251188442,-4.704566799,-1,N/A,#N/A
H-1,13.53661531,144.8122131,Yigo-Tumon,2.0172,0.68,3.52,2.6,8.21789E-05,-0.960289408,0.441625199,48,0.2787,-0.087599512,0.696135251,0.317047437,0.634094874,1/1/1986,1/1/2020,0.634094874,0.634094874,1.304147463,2.324644459,2.911895964,3.21,0.299952813,0.599905626,33.33857713,1,0,1.142857143
HGC-2,13.58189698,144.86931,Finegayan,1.147142857,0.02,2.1,2,0.000157139,-4.794848437,0.608158123,33,0.3338,-0.490755471,0.8963005,0.269686013,0.539372026,1/1/1986,1/1/2020,0.539372026,0.539372026,-0.128315851,1.823040676,2.609400892,3.18,0.57355865,1.147117301,17.43500859,1,0,0.833333333
HGC-3,13.57281678,144.8695473,Finegayan,1.253333333,1.24,1.27,#N/A,-0.000481969,17.71339459,0.015275252,1,0.9969,-0.978291212,-0.978291212,0.003165565,0.006331131,1/1/1986,1/1/2020,0.006331131,0.006331131,2.570121536,-3.414975552,-4.996525659,-6.76,-1.759188627,-3.518377254,-5.68443875,0,N/A,0.071428571
M-1,13.48408339,144.8405213,Mangilao,2.548888889,0.56,4.22,3.3,0.00022832,-5.82627547,0.927885406,61,0.248,0.858652412,0.901843506,0.400904796,0.801809592,1/1/1986,1/1/2020,0.801809592,0.801809592,0.945035018,3.780312432,4.931933296,5.77,0.833367898,1.666735796,11.99950229,1,0,1.404761905
M-2,13.48535058,144.8430391,Mangilao,2.5792,0.65,4.6,3.1,0.000289962,-7.755923624,1.077966415,48,0.2787,0.724548096,0.892485381,0.486245122,0.972490243,1/1/1986,1/1/2020,0.972490243,0.972490243,0.86640444,4.467151322,5.906791174,6.97,1.058360937,2.116721875,9.448572454,1,0,1.095238095
M-3,13.48659549,144.8453756,Mangilao,2.85245283,0.68,4.9,4,0.000248088,-6.056506867,0.999705544,51,0.2706,0.903304311,0.885071546,0.465317946,0.930635892,1/1/1986,1/1/2020,0.930635892,0.930635892,1.271361706,4.352117768,5.633148868,6.54,0.905520988,1.811041976,11.04336634,1,0,1.166666667
M-4,13.48702235,144.8479241,Mangilao,3.333584906,0.7,5,4.3,0.000259487,-5.949319163,1.085862108,51,0.2706,0.898265339,0.823010938,0.616797393,1.233594786,1/1/1986,1/1/2020,1.233594786,1.233594786,1.585149842,4.807459909,6.27745069,7.23,0.947127697,1.894255394,10.55823838,1,0,1.166666667
M-5,13.50057872,144.843605,Yigo-Tumon,1.571818182,0.56,3.2,1.8,8.08769E-05,-1.399818038,0.41938383,64,0.2423,-0.274438959,0.695460856,0.301354116,0.602708232,1/1/1986,1/1/2020,0.602708232,0.602708232,0.839414582,1.843744194,2.411021628,2.71,0.295200764,0.590401527,33.87525113,1,0,1.476190476
M-6,13.50796019,144.8437158,Yigo-Tumon,1.650714286,0.69,2.53,2.1,5.49704E-05,-0.312776125,0.360882339,40,0.3044,-0.163959986,0.484965104,0.315603696,0.631207392,1/1/1986,1/1/2020,0.631207392,0.631207392,1.098404269,1.781026268,2.277372526,2.48,0.200641834,0.401283668,49.8400548,1,0,0.904761905
M-7,13.50458399,144.8436218,Yigo-Tumon,1.9314,0.5,3.71,1.3,0.000228504,-6.247147914,0.932991699,48,0.2787,0.316975606,0.860414632,0.475447536,0.950895071,1/1/1986,1/1/2020,0.950895071,0.950895071,0.455413874,3.292981753,4.519751819,5.35,0.83404113,1.668082261,11.98981637,1,0,1.095238095
M-8,13.48708205,144.850869,Mangilao,2.995294118,0.71,4.8,3.1,0.000233897,-5.371959887,0.960034068,49,0.2759,0.831836455,0.840572851,0.520049029,1.040098059,1/1/1986,1/1/2020,1.040098059,1.040098059,1.455406994,4.359943676,5.649047031,6.50,0.853725148,1.707450296,11.71337171,1,0,1.142857143
M-9,13.48415995,144.8499202,Mangilao,2.74755102,0.65,4.9,3.2,0.000212048,-4.818005854,1.001999107,47,0.2816,0.876743906,0.706308533,0.709319305,1.41863861,1/1/1986,1/1/2020,1.41863861,1.41863861,1.133750221,3.766966853,5.173501192,5.95,0.773976543,1.547953085,12.92028821,1,0,1.071428571
M-12,13.51329047,144.8305904,Yigo-Tumon,2.691578947,1.02,4.4,2.8,9.77468E-06,2.356534396,0.539111012,36,0.3202,0.051857691,0.040339388,0.538672194,1.077344389,1/1/1986,1/1/2020,1.077344389,1.077344389,2.124914135,2.246296076,2.817107409,2.85,0.035677572,0.071355143,280.2881347,0,1,0.80952381
M-14,13.51889356,144.826206,Yigo-Tumon,3.002682927,0.98,4.2,2.33,0.000198261,-3.786132082,0.68832414,39,0.3081,0.733693091,0.564766182,0.568040163,1.136080326,1/1/1986,1/1/2020,1.136080326,1.136080326,1.873809908,4.335818707,5.555742017,6.28,0.723653738,1.447307475,13.8187637,1,0,0.880952381
M-15,13.49988043,144.8435842,Yigo-Tumon,2.595471698,0.58,5,1.9,0.000332084,-9.322101242,1.289471517,51,0.2706,0.682605384,0.907913142,0.54049276,1.080985519,1/1/1986,1/1/2020,1.080985519,1.080985519,0.569154544,4.692971226,6.325355534,7.54,1.212105886,2.424211771,8.250104316,1,0,1.166666667
M-16,,,,2.278928571,0.79,3.53,2.27,0.000417328,-11.69399994,0.494909938,26,0.3739,0.801021346,0.801021346,0.296270799,0.592541598,1/1/1986,1/1/2020,0.592541598,0.592541598,1.119251031,6.301629072,7.970074053,9.49,1.523246887,3.046493775,6.564923968,1,N/A,#N/A
M-17A,13.49374193,144.8262924,Yigo-Tumon,2.126428571,1.83,2.78,2.09,5.68642E-05,0.152685651,0.234129029,26,0.3739,0.047428758,0.543507944,0.196528849,0.393057697,1/1/1986,1/1/2020,0.393057697,0.393057697,1.7424326,2.448572505,2.832070915,3.04,0.207554409,0.415108819,48.1801376,1,0,0.666666667
M-17B,13.49247065,144.8267028,Yigo-Tumon,2.380232558,1.93,3.28,2.5,7.37865E-05,-0.318644584,0.348339519,41,0.3008,0.436325726,0.716391352,0.243036018,0.486072037,1/1/1986,1/1/2020,0.486072037,0.486072037,1.756173543,2.672453834,3.158099741,3.43,0.269320588,0.538641176,37.13046995,1,1,1.023809524
M-18,13.51450838,144.8183719,Yigo-Tumon,1.998095238,1.46,2.5,1.8,6.80099E-05,-0.725758836,0.283489313,19,0.4329,-1,0.574139815,0.232108937,0.464217874,1/1/1986,1/1/2020,0.464217874,0.464217874,1.178526655,2.023073371,2.478798801,2.73,0.24823607,0.49647214,40.2842343,1,0,0.5
M-20A,13.49328885,144.8277894,Yigo-Tumon,2.968387097,1.5,3.6,3,0.00013647,-2.508680712,0.454841341,29,0.361,1,0.51670957,0.389417301,0.778834602,1/1/1986,1/1/2020,0.778834602,0.778834602,1.388819092,3.08349762,3.92162671,4.42,0.498113757,0.996227513,20.07573545,1,0,0.738095238
M-21,13.49837265,144.8177528,Yigo-Tumon,3.510588235,3.2,3.9,3.4,2.50635E-06,3.410253249,0.222976192,15,0.4821,#DIV/0!,0.026985338,0.222894991,0.445789982,1/1/1986,1/1/2020,0.445789982,0.445789982,3.266090267,3.297214135,3.528350009,3.54,0.009148182,0.018296363,1093.113406,0,N/A,0.404761905
M-23,13.48499148,144.8367176,Mangilao,2.2,1.72,2.8,2.5,0.000141605,-3.489202494,0.340440891,15,0.4821,#DIV/0!,0.901786438,0.147132401,0.294264802,1/1/1986,1/1/2020,0.294264802,0.294264802,0.811900403,2.570350278,3.183079651,3.70,0.516857952,1.033715903,19.34767564,1,N/A,0.404761905
MGC MW-1,,,,2.376129032,1.06,4.26,#N/A,0.000111712,-1.588742887,0.733801415,29,0.355,0.126404987,0.126404987,0.727915387,1.455830775,1/1/1986,1/1/2020,1.455830775,1.455830775,1.192557538,2.579799824,3.675024975,4.08,0.407749585,0.81549917,24.52485635,0,N/A,#N/A
MGC MW-2,,,,2.3525,1.21,3.47,#N/A,-0.000701252,26.5754334,0.641689885,10,0.576,-0.35757248,-0.35757248,0.599264809,1.198529618,1/1/1986,1/1/2020,1.198529618,1.198529618,3.947744401,-4.760401004,-6.46685226,-9.03,-2.559569232,-5.119138465,-3.90690741,0,N/A,#N/A
MGC MW-3,,,,1.598333333,0.41,2.5,#N/A,0.000794475,-25.84474789,0.469348355,10,0.576,0.553860146,0.553860146,0.390784001,0.781568002,1/1/1986,1/1/2020,0.781568002,0.781568002,-1.278693498,8.587095163,11.59011246,14.49,2.899833194,5.799666389,3.448474215,0,N/A,#N/A
MGC-1,13.46917939,144.8429418,Mangilao,4.175882353,1.56,5.73,4.06,-6.90828E-05,6.604499918,0.719168748,66,0.2387,-0.07289059,-0.07289059,0.717255718,1.434511435,1/1/1986,1/1/2020,1.434511435,1.434511435,3.717147523,2.859277834,3.349389443,3.10,-0.252152067,-0.504304134,-39.65860811,0,N/A,1.619047619
MGC-2,13.468731,144.843747,Mangilao,3.87031746,0.97,4.85,3.83,-0.000126119,8.310642772,0.765590576,61,0.248,-0.126544475,-0.126544475,0.759435943,1.518871886,1/1/1986,1/1/2020,1.518871886,1.518871886,3.589439945,2.023297864,2.368055505,1.91,-0.460333274,-0.920666547,-21.72339166,0,N/A,1.5
MGC-3,13.46807434,144.8459089,Mangilao,2.585,1.21,20,2.3,0.000869885,-27.94774875,2.385183247,56,0.2586,0.255305285,0.255305285,2.306139448,4.612278897,1/1/1986,1/1/2020,4.612278897,4.612278897,-2.928181547,7.874053999,13.04037629,16.22,3.175081313,6.350162626,3.149525639,0,N/A,1.380952381
MGC-3 - outlier,13.46807434,144.8459089,Mangilao,2.279473684,1.21,3.8,2.3,0.000166821,-3.572608465,0.529077435,55,0.2586,0.217536495,0.217536495,0.516407188,1.032814376,1/1/1986,1/1/2020,1.032814376,1.032814376,1.151320632,3.22289915,4.287812552,4.90,0.60889528,1.217790561,16.42318527,0,0,
MGC-4,13.46907064,144.8477945,Mangilao,1.859428571,0.98,2.96,1.26,0.000375386,-11.33766919,0.461170174,68,0.2352,0.61508572,0.61508572,0.363614348,0.727228696,1/1/1986,1/1/2020,0.727228696,0.727228696,0.090707951,4.752247769,6.35013035,7.72,1.370157862,2.740315725,7.29842909,1,N/A,1.666666667
MW-1,13.51431295,144.8485294,Yigo-Tumon,1.393333333,1.3,1.48,#N/A,4.74732E-05,-0.060297551,0.090184995,1,0.9969,0.986766166,0.986766166,0.014623472,0.029246944,1/1/1986,1/1/2020,0.029246944,0.029246944,1.416356148,2.005878954,2.176594468,2.35,0.173277359,0.346554718,57.71094429,0,N/A,0.047619048
MW-3,13.5193033,144.8564275,Yigo-Tumon,1.856666667,1.7,2,#N/A,4.38339E-05,0.503807136,0.150443788,1,0.9969,0.641477149,0.641477149,0.11541177,0.23082354,1/1/1986,1/1/2020,0.23082354,0.23082354,1.765348917,2.309677991,2.569215546,2.73,0.159993648,0.319987296,62.50248139,0,N/A,0.047619048
MW-5,13.51339436,144.8792809,Yigo-Tumon,1,0.8,1.4,0.8,1.50809E-05,0.534554262,0.346410162,1,0.9969,0.095847586,0.095847586,0.344815297,0.689630593,1/1/1986,1/1/2020,0.689630593,0.689630593,0.663474152,0.850748323,1.245149501,1.30,0.055045154,0.110090308,181.6690341,0,N/A,0.047619048
MW-6,13.51336429,144.8761475,Yigo-Tumon,1.452,0.52,2.2,#N/A,-0.000297456,10.63811015,0.626992823,3,0.8783,-0.926458825,-0.926458825,0.235997672,0.471995343,1/1/1986,1/1/2020,0.471995343,0.471995343,1.058112435,-2.635701988,-3.377741184,-4.46,-1.085716109,-2.171432219,-9.210510846,-1,N/A,0.095238095
MW-8,13.51310753,144.8700302,Yigo-Tumon,1.12,1,1.3,#N/A,-5.87782E-05,2.934092273,0.158745079,1,0.9969,-0.81519564,-0.81519564,0.091942879,0.183885757,1/1/1986,1/1/2020,0.183885757,0.183885757,0.995748685,0.265840557,0.164520597,-0.05,-0.214540559,-0.429081119,-46.611233,0,N/A,0.047619048
NAS-1,13.47936152,144.807829,Hagatna,2.17,1.8,2.6,2,1.321E-05,1.636924474,0.219225911,29,0.355,1,0.106373411,0.217982079,0.435964157,1/1/1986,1/1/2020,0.435964157,0.435964157,1.833909482,1.997951798,2.259368499,2.31,0.048216658,0.096433315,207.3972045,0,N/A,0.738095238
NCS-2,13.54497967,144.8344457,Yigo-Tumon,1.936,1.5,2.3,#N/A,0.000375206,-11.24860221,0.369431996,3,0.8783,0.88744705,0.88744705,0.170274783,0.340549567,1/1/1986,1/1/2020,0.340549567,0.340549567,0.36748111,5.026793973,6.430747344,7.80,1.369503298,2.739006596,7.301917429,1,N/A,0.119047619
NCS-3,13.47025816,144.8235445,Mangilao,1.15,0.35,1.7,#N/A,0.000595324,-19.86571489,0.708872344,1,0.9969,0.985468136,0.985468136,0.120409333,0.240818665,1/1/1986,1/1/2020,0.240818665,0.240818665,-1.285225715,6.107502062,8.185335209,10.36,2.172930938,4.345861876,4.602079075,0,N/A,0.071428571
NCS-5,13.54242822,144.8330087,Yigo-Tumon,2.1275,1.81,2.7,#N/A,0.000544181,-17.14370091,0.400447666,2,0.95,0.978789951,0.978789951,0.082038262,0.164076524,1/1/1986,1/1/2020,0.164076524,0.164076524,-0.131396399,6.626237336,8.497541157,10.49,1.986258909,3.972517818,5.034590383,1,N/A,0.095238095
NCS-7,13.59044306,144.8523301,Machanao,0.926666667,0.88,1,#N/A,-6.13923E-05,3.115998063,0.064291005,1,0.9969,-0.610621997,-0.610621997,0.050913474,0.101826949,1/1/1986,1/1/2020,0.101826949,0.101826949,1.136568161,0.374198537,0.223254118,0.00,-0.224081907,-0.448163815,-44.62653907,0,N/A,0.071428571
NCS-8,13.4748521,144.8235316,Mangilao,1.466666667,1.2,1.7,#N/A,-6.83133E-05,3.90281022,0.251661148,1,0.9969,-0.17357927,-0.17357927,0.247840907,0.495681813,1/1/1986,1/1/2020,0.495681813,0.495681813,1.509043452,0.660728826,0.683955585,0.43,-0.249343565,-0.498687129,-40.10530618,0,N/A,0.071428571
NCS-9A,13.5818346,144.8469528,Finegayan,1.366666667,1.3,1.4,1.4,2.09505E-05,0.619543882,0.057735027,1,0.9969,0.232040485,0.232040485,0.056159215,0.112318429,1/1/1986,1/1/2020,0.112318429,0.112318429,1.221502742,1.481666058,1.606710519,1.68,0.076469327,0.152938654,130.7713875,0,N/A,0.071428571
NRMC-1,13.47301219,144.7378561,Hagatna,2.666666667,2.4,3.2,2.4,-0.000524659,21.37671429,0.461880215,1,0.9969,-0.726367976,-0.726367976,0.317453052,0.634906104,1/1/1986,1/1/2020,0.634906104,0.634906104,4.578140903,-1.937077394,-3.344703885,-5.26,-1.915006183,-3.830012367,-5.221915254,0,N/A,0.071428571
NRMC-2,13.47252769,144.7403707,Hagatna,2.4,2.2,2.5,2.5,6.28515E-05,0.158631647,0.173205081,1,0.9969,0.232040485,0.232040485,0.168477644,0.336955287,1/1/1986,1/1/2020,0.336955287,0.336955287,1.964508227,2.744998175,3.120131556,3.35,0.229407981,0.458815962,43.59046248,0,N/A,0.071428571
NRMC-3,13.47210899,144.7426059,Hagatna,2.8775,2.5,3.2,#N/A,0.000218321,-4.853950643,0.328671569,2,0.95,0.478437641,0.478437641,0.288613581,0.577227162,1/1/1986,1/1/2020,0.577227162,0.577227162,1.715548461,4.426656707,5.433109224,6.23,0.796871082,1.593742164,12.54908131,0,N/A,0.095238095
Y-1,13.52613121,144.8823191,Yigo-Tumon,2.891914894,1.14,4.17,3.3,3.75105E-05,1.562733005,0.530724027,45,0.2876,-0.121363578,0.23087431,0.516385765,1.032771531,1/1/1986,1/1/2020,1.032771531,1.032771531,2.224664324,2.690469613,3.330189876,3.47,0.136913296,0.273826591,73.03892548,0,0,1.023809524
Y-2,13.52641703,144.8820814,Yigo-Tumon,3.104782609,1.38,4.34,3.6,6.49571E-05,0.790804304,0.503969748,44,0.2907,-0.077111841,0.470144132,0.444798485,0.88959697,1/1/1986,1/1/2020,0.88959697,0.88959697,2.386504653,3.193142495,3.851520077,4.09,0.237093584,0.474187167,42.17743831,1,0,1
Y-3,13.53546267,144.8934167,Yigo-Tumon,3.055086207,1.34,5.37,3.1,7.40531E-06,2.78309509,0.55016783,56,0.2586,-0.187910592,0.050960573,0.549452979,1.098905957,1/1/1986,1/1/2020,1.098905957,1.098905957,2.466265184,2.558224351,3.132025997,3.16,0.02702939,0.054058779,369.9676587,0,0,1.285714286
Y-4,13.522922,144.875544,Yigo-Tumon,2.830769231,1.41,4.35,#N/A,5.57435E-06,2.644857321,0.678889553,11,0.5529,-0.599982248,0.02448309,0.678686052,1.357372105,1/1/1986,1/1/2020,1.357372105,1.357372105,2.14127837,2.210500666,2.907515186,2.93,0.020346383,0.040692765,491.4878548,0,0,0.238095238
Y-4A,13.52300445,144.8754499,Yigo-Tumon,3.010526316,2.35,3.5,3,8.03932E-05,-0.124314024,0.331536385,17,0.4555,0.860388029,0.786247482,0.204860218,0.409720437,1/1/1986,1/1/2020,0.409720437,0.409720437,2.196217827,3.194540773,3.663733883,3.96,0.293435236,0.586870471,34.07907023,1,0,0.452380952
Y-5,13.52519055,144.8772682,Yigo-Tumon,2.676521739,1.34,3.58,2.8,5.51285E-05,0.713195833,0.483883445,44,0.2907,0.529566601,0.415848664,0.440059974,0.880119948,1/1/1986,1/1/2020,0.880119948,0.880119948,2.004888381,2.689474471,3.310797052,3.51,0.201219136,0.402438271,49.69706272,1,0,1
Y-6,13.52625649,144.8798558,Yigo-Tumon,3.301186441,0.67,4.61,3.7,9.65919E-05,-0.250467858,0.651677106,57,0.2564,0.0923262,0.559269596,0.540231092,1.080462184,1/1/1986,1/1/2020,1.080462184,1.080462184,2.243542067,3.443020147,4.300845371,4.65,0.352560396,0.705120792,28.36393458,1,1,1.30952381
Y-7,13.53550241,144.8950292,Yigo-Tumon,1.760232558,0.58,3.5,1.13,0.000186113,-4.865928788,0.825202683,41,0.3008,-0.026989119,0.838298771,0.449909683,0.899819365,1/1/1986,1/1/2020,0.899819365,0.899819365,0.530523191,2.841672051,3.903520649,4.58,0.679311752,1.358623504,14.72078169,1,0,0.952380952
Y-9,13.53408595,144.8934539,Yigo-Tumon,2.419285714,0,3.6,2.27,0.000104397,-1.33610563,0.669260214,40,0.3044,0.108673854,0.588653792,0.541020086,1.082040171,1/1/1986,1/1/2020,1.082040171,1.082040171,1.402308177,2.698714444,3.58299301,3.96,0.38105032,0.76210064,26.24325312,1,0,1
Y-10,13.52407303,144.8641087,Yigo-Tumon,2.719375,2.3,3.2,2.6,1.64705E-05,2.05090998,0.239735097,14,0.4973,#DIV/0!,0.141731915,0.23731499,0.47462998,1/1/1986,1/1/2020,0.47462998,0.47462998,2.330983204,2.53551403,2.826984065,2.89,0.060117371,0.120234742,166.3412723,0,N/A,0.380952381
Y-12,13.52203056,144.8552959,Yigo-Tumon,2.538888889,1.6,3,2.6,9.74937E-05,-1.33723505,0.384124503,16,0.4683,0.566147984,0.667683225,0.28595976,0.57191952,1/1/1986,1/1/2020,0.57191952,0.57191952,1.439376299,2.650053663,3.256572867,3.61,0.355852181,0.711704361,28.10155606,1,0,0.428571429
Y-14,13.52485974,144.8747505,Yigo-Tumon,2.766666667,2.5,3.1,2.8,1.95811E-05,1.959377657,0.172328087,10,0.576,#DIV/0!,0.234893202,0.167506552,0.335013103,1/1/1986,1/1/2020,0.335013103,0.335013103,2.406973,2.650131416,2.882020709,2.95,0.071471108,0.142942216,139.9166779,0,N/A,0.285714286
Y-15,13.55512508,144.9158017,Pati,2.230967742,0.88,2.9,2.5,0.000179154,-4.899369431,0.444547372,29,0.355,0.761637458,0.90084437,0.192996759,0.385993519,1/1/1986,1/1/2020,0.385993519,0.385993519,0.535409266,2.760147929,3.542204176,4.20,0.653913361,1.307826722,15.29254576,1,0,0.738095238
Y-16,13.52346081,144.8700384,Yigo-Tumon,2.684285714,1.2,3.1,2.8,2.78182E-06,2.570369299,0.463510257,12,0.5324,#DIV/0!,0.011255948,0.463480893,0.926961787,1/1/1986,1/1/2020,0.926961787,0.926961787,2.194273788,2.228818456,2.701445981,2.71,0.010153651,0.020307302,984.8674029,0,0,0.333333333
Y-17,13.54965871,144.8933309,Yigo-Tumon,2.508571429,2.2,2.7,2.7,-3.18258E-06,2.639252345,0.169472355,12,0.5324,#DIV/0!,-0.032128917,0.169384862,0.338769724,1/1/1986,1/1/2020,0.338769724,0.338769724,2.369893203,2.330371966,2.489292516,2.48,-0.011616405,-0.02323281,-860.8515428,0,N/A,0.333333333
Y-18,13.54291035,144.8927682,Yigo-Tumon,2.130769231,1.9,2.7,1.9,5.14264E-05,0.01348431,0.242846369,11,0.5529,#DIV/0!,0.39000473,0.223616058,0.447232116,1/1/1986,1/1/2020,0.447232116,0.447232116,1.405326285,2.04393953,2.436645647,2.62,0.187706422,0.375412843,53.27468243,0,N/A,0.30952381
Y-19,13.51833223,144.8763714,Yigo-Tumon,2.776923077,2.6,3.1,2.7,3.67201E-05,1.264699886,0.164082531,11,0.5529,#DIV/0!,0.411606318,0.149538542,0.299077085,1/1/1986,1/1/2020,0.299077085,0.299077085,2.268651302,2.724642079,2.994916463,3.13,0.134028534,0.268057068,74.61097785,0,N/A,0.30952381
Y-20,13.5164655,144.8792987,Yigo-Tumon,2.341666667,0.9,3.2,2.5,0.000317104,-10.7502195,0.630235646,10,0.576,#DIV/0!,0.943179279,0.209417402,0.418834804,1/1/1986,1/1/2020,0.418834804,0.418834804,-0.998441571,2.939358819,4.191414945,5.35,1.157430458,2.314860915,8.639827934,1,N/A,0.285714286
Y-21,13.51964722,144.8698083,Yigo-Tumon,2.59,2.4,2.8,2.6,1.56802E-05,1.940970502,0.137032032,8,0.6319,#DIV/0!,0.169066257,0.135059413,0.270118826,1/1/1986,1/1/2020,0.270118826,0.270118826,2.298472729,2.493189261,2.679805121,2.74,0.057232674,0.114465348,174.725368,0,N/A,0.238095238
Y-21A,13.51970289,144.8698363,Yigo-Tumon,2.475,2.3,2.7,#N/A,5.85849E-05,0.123579243,0.170782513,2,0.95,#DIV/0!,0.791341898,0.104411965,0.208823929,1/1/1986,1/1/2020,0.208823929,0.208823929,1.859493667,2.587000529,2.884039533,3.10,0.21383476,0.42766952,46.7650816,0,N/A,0.095238095
Y-22,13.54314167,144.8952278,Yigo-Tumon,3.086956522,2.5,3.4,3.2,-4.82207E-05,5.060796782,0.196108383,21,0.4132,#DIV/0!,-0.26569576,0.189059646,0.378119292,1/1/1986,1/1/2020,0.378119292,0.378119292,3.356980836,2.7581764,2.788686442,2.61,-0.176005491,-0.352010982,-56.81640914,0,N/A,1.666666667
Y-23,13.5431201,144.8980208,Yigo-Tumon,2.22,1.4,2.7,2.7,-0.00014369,8.133797028,0.480227219,10,0.576,#DIV/0!,-0.559444386,0.398044922,0.796089843,1/1/1986,1/1/2020,0.796089843,0.796089843,3.222030638,1.43769316,1.36328667,0.84,-0.524467047,-1.048934095,-19.06697485,0,N/A,0.285714286
GIAA after chlorination,,,,1.716666667,1.6,1.8,1.8,-0.000154903,8.109572361,0.098319208,4,0.8114,#DIV/0!,-0.274143109,0.094552492,0.189104984,1/1/1986,1/1/2020,0.189104984,0.189104984,3.149066063,1.225486195,0.810719102,0.24,-0.565394308,-1.130788616,-17.68677162,0,N/A,#N/A
